Date,Close
1/10/2012 16:00:00,33.78
1/11/2012 16:00:00,33.89
1/12/2012 16:00:00,33.85
1/13/2012 16:00:00,33.74
1/17/2012 16:00:00,33.9
1/18/2012 16:00:00,34.27
1/19/2012 16:00:00,34.54
1/20/2012 16:00:00,34.53
1/23/2012 16:00:00,34.53
1/24/2012 16:00:00,34.61
1/25/2012 16:00:00,34.93
1/26/2012 16:00:00,34.76
1/27/2012 16:00:00,34.88
1/30/2012 16:00:00,34.65
1/31/2012 16:00:00,34.67
2/1/2012 16:00:00,35.1
2/2/2012 16:00:00,35.1
2/3/2012 16:00:00,35.56
2/6/2012 16:00:00,35.5
2/7/2012 16:00:00,35.6
2/8/2012 16:00:00,35.65
2/9/2012 16:00:00,35.67
2/10/2012 16:00:00,35.33
2/13/2012 16:00:00,35.64
2/14/2012 16:00:00,35.56
2/15/2012 16:00:00,35.49
2/16/2012 16:00:00,35.82
2/17/2012 16:00:00,35.91
2/21/2012 16:00:00,35.85
2/22/2012 16:00:00,35.77
2/23/2012 16:00:00,35.98
2/24/2012 16:00:00,36
2/27/2012 16:00:00,36.07
2/28/2012 16:00:00,36.18
2/29/2012 16:00:00,35.96
3/1/2012 16:00:00,36.1
3/2/2012 16:00:00,36
3/5/2012 16:00:00,35.84
3/6/2012 16:00:00,35.22
3/7/2012 16:00:00,35.53
3/8/2012 16:00:00,35.89
3/9/2012 16:00:00,35.97
3/12/2012 16:00:00,35.93
3/13/2012 16:00:00,36.45
3/14/2012 16:00:00,36.28
3/15/2012 16:00:00,36.5
3/16/2012 16:00:00,36.58
3/19/2012 16:00:00,36.7
3/20/2012 16:00:00,36.5
3/21/2012 16:00:00,36.46
3/22/2012 16:00:00,36.21
3/23/2012 16:00:00,36.35
3/26/2012 16:00:00,36.75
3/27/2012 16:00:00,36.59
3/28/2012 16:00:00,36.32
3/29/2012 16:00:00,36.29
3/30/2012 16:00:00,36.45
4/2/2012 16:00:00,36.69
4/3/2012 16:00:00,36.48
4/4/2012 16:00:00,36.11
4/5/2012 16:00:00,36.04
4/9/2012 16:00:00,35.78
4/10/2012 16:00:00,35.2
4/11/2012 16:00:00,35.46
4/12/2012 16:00:00,35.96
4/13/2012 16:00:00,35.57
4/16/2012 16:00:00,35.63
4/17/2012 16:00:00,36.06
4/18/2012 16:00:00,35.92
4/19/2012 16:00:00,35.75
4/20/2012 16:00:00,35.86
4/23/2012 16:00:00,35.44
4/24/2012 16:00:00,35.56
4/25/2012 16:00:00,36.04
4/26/2012 16:00:00,36.25
4/27/2012 16:00:00,36.39
4/30/2012 16:00:00,36.2
5/1/2012 16:00:00,36.48
5/2/2012 16:00:00,36.29
5/3/2012 16:00:00,36.01
5/4/2012 16:00:00,35.56
5/7/2012 16:00:00,35.6
5/8/2012 16:00:00,35.4
5/9/2012 16:00:00,35.34
5/10/2012 16:00:00,35.3
5/11/2012 16:00:00,35.22
5/14/2012 16:00:00,34.85
5/15/2012 16:00:00,34.63
5/16/2012 16:00:00,34.41
5/17/2012 16:00:00,33.96
5/18/2012 16:00:00,33.75
5/21/2012 16:00:00,34.27
5/22/2012 16:00:00,34.26
5/23/2012 16:00:00,34.26
5/24/2012 16:00:00,34.1
5/25/2012 16:00:00,34.15
5/29/2012 16:00:00,34.52
5/30/2012 16:00:00,34.1
5/31/2012 16:00:00,34
6/1/2012 16:00:00,33.34
6/4/2012 16:00:00,33.33
6/5/2012 16:00:00,33.56
6/6/2012 16:00:00,34.07
6/7/2012 16:00:00,34.16
6/8/2012 16:00:00,34.27
6/11/2012 16:00:00,34.08
6/12/2012 16:00:00,34.26
6/13/2012 16:00:00,34.07
6/14/2012 16:00:00,34.32
6/15/2012 16:00:00,34.64
6/18/2012 16:00:00,34.72
6/19/2012 16:00:00,35.13
6/20/2012 16:00:00,35.01
6/21/2012 16:00:00,34.35
6/22/2012 16:00:00,34.6
6/25/2012 16:00:00,34.09
6/26/2012 16:00:00,33.98
6/27/2012 16:00:00,34.24
6/28/2012 16:00:00,34.06
6/29/2012 16:00:00,34.92
7/2/2012 16:00:00,35.1
7/3/2012 16:00:00,35.32
7/5/2012 16:00:00,35.27
7/6/2012 16:00:00,34.94
7/9/2012 16:00:00,34.78
7/10/2012 16:00:00,34.56
7/11/2012 16:00:00,34.54
7/12/2012 16:00:00,34.53
7/13/2012 16:00:00,34.92
7/16/2012 16:00:00,34.89
7/17/2012 16:00:00,35.03
7/18/2012 16:00:00,35.21
7/19/2012 16:00:00,35.33
7/20/2012 16:00:00,34.94
7/23/2012 16:00:00,34.64
7/24/2012 16:00:00,34.23
7/25/2012 16:00:00,34.37
7/26/2012 16:00:00,34.87
7/27/2012 16:00:00,35.48
7/30/2012 16:00:00,35.4
7/31/2012 16:00:00,35.26
8/1/2012 16:00:00,35.28
8/2/2012 16:00:00,34.93
8/3/2012 16:00:00,35.52
8/6/2012 16:00:00,35.7
8/7/2012 16:00:00,35.87
8/8/2012 16:00:00,35.88
8/9/2012 16:00:00,35.9
8/10/2012 16:00:00,35.97
8/13/2012 16:00:00,35.89
8/14/2012 16:00:00,35.83
8/15/2012 16:00:00,35.89
8/16/2012 16:00:00,36.18
8/17/2012 16:00:00,36.16
8/20/2012 16:00:00,36.21
8/21/2012 16:00:00,36.14
8/22/2012 16:00:00,36.23
8/23/2012 16:00:00,36
8/24/2012 16:00:00,36.17
8/27/2012 16:00:00,36.1
8/28/2012 16:00:00,36.15
8/29/2012 16:00:00,36.1
8/30/2012 16:00:00,35.86
8/31/2012 16:00:00,36.05
9/4/2012 16:00:00,36.08
9/5/2012 16:00:00,36.01
9/6/2012 16:00:00,36.61
9/7/2012 16:00:00,36.8
9/10/2012 16:00:00,36.64
9/11/2012 16:00:00,36.77
9/12/2012 16:00:00,36.86
9/13/2012 16:00:00,37.4
9/14/2012 16:00:00,37.54
9/17/2012 16:00:00,37.43
9/18/2012 16:00:00,37.29
9/19/2012 16:00:00,37.46
9/20/2012 16:00:00,37.26
9/21/2012 16:00:00,37.32
9/24/2012 16:00:00,37.19
9/25/2012 16:00:00,36.89
9/26/2012 16:00:00,36.58
9/27/2012 16:00:00,36.87
9/28/2012 16:00:00,36.65
10/1/2012 16:00:00,36.73
10/2/2012 16:00:00,36.78
10/3/2012 16:00:00,36.82
10/4/2012 16:00:00,37.09
10/5/2012 16:00:00,37.03
10/8/2012 16:00:00,36.99
10/9/2012 16:00:00,36.64
10/10/2012 16:00:00,36.48
10/11/2012 16:00:00,36.6
10/12/2012 16:00:00,36.45
10/15/2012 16:00:00,36.72
10/16/2012 16:00:00,37.08
10/17/2012 16:00:00,37.25
10/18/2012 16:00:00,37.18
10/19/2012 16:00:00,36.7
10/22/2012 16:00:00,36.75
10/23/2012 16:00:00,36.31
10/24/2012 16:00:00,36.24
10/25/2012 16:00:00,36.31
10/26/2012 16:00:00,36.32
10/31/2012 16:00:00,36.4
11/1/2012 16:00:00,36.76
11/2/2012 16:00:00,36.45
11/5/2012 16:00:00,36.48
11/6/2012 16:00:00,36.76
11/7/2012 16:00:00,36.14
11/8/2012 16:00:00,35.79
11/9/2012 16:00:00,35.91
11/12/2012 16:00:00,35.85
11/13/2012 16:00:00,35.7
11/14/2012 16:00:00,35.41
11/15/2012 16:00:00,35.33
11/16/2012 16:00:00,35.41
11/19/2012 16:00:00,35.94
11/20/2012 16:00:00,36.06
11/21/2012 16:00:00,36.11
11/23/2012 16:00:00,36.5
11/26/2012 16:00:00,36.51
11/27/2012 16:00:00,36.38
11/28/2012 16:00:00,36.52
11/29/2012 16:00:00,36.77
11/30/2012 16:00:00,36.79
12/3/2012 16:00:00,36.71
12/4/2012 16:00:00,36.73
12/5/2012 16:00:00,36.75
12/6/2012 16:00:00,36.87
12/7/2012 16:00:00,36.93
12/10/2012 16:00:00,37
12/11/2012 16:00:00,37.14
12/12/2012 16:00:00,37.16
12/13/2012 16:00:00,37.07
12/14/2012 16:00:00,36.99
12/17/2012 16:00:00,37.2
12/18/2012 16:00:00,37.58
12/19/2012 16:00:00,37.48
12/20/2012 16:00:00,37.65
12/21/2012 16:00:00,37.44
12/24/2012 16:00:00,37.33
12/26/2012 16:00:00,36.98
12/27/2012 16:00:00,36.86
12/28/2012 16:00:00,36.74
12/31/2012 16:00:00,37.17
1/2/2013 16:00:00,37.76
1/3/2013 16:00:00,37.79
1/4/2013 16:00:00,37.93
1/7/2013 16:00:00,37.83
1/8/2013 16:00:00,37.71
1/9/2013 16:00:00,37.85
1/10/2013 16:00:00,38.07
1/11/2013 16:00:00,38.1
1/14/2013 16:00:00,38.09
1/15/2013 16:00:00,38.13
1/16/2013 16:00:00,38.08
1/17/2013 16:00:00,38.32
1/18/2013 16:00:00,38.37
1/22/2013 16:00:00,38.49
1/23/2013 16:00:00,38.51
1/24/2013 16:00:00,38.58
1/25/2013 16:00:00,38.76
1/28/2013 16:00:00,38.71
1/29/2013 16:00:00,38.85
1/30/2013 16:00:00,38.72
1/31/2013 16:00:00,38.73
2/1/2013 16:00:00,38.96
2/4/2013 16:00:00,38.54
2/5/2013 16:00:00,38.78
2/6/2013 16:00:00,38.83
2/7/2013 16:00:00,38.67
2/8/2013 16:00:00,38.86
2/11/2013 16:00:00,38.88
2/12/2013 16:00:00,38.98
2/13/2013 16:00:00,39.03
2/14/2013 16:00:00,39.03
2/15/2013 16:00:00,38.96
2/19/2013 16:00:00,39.23
2/20/2013 16:00:00,38.85
2/21/2013 16:00:00,38.52
2/22/2013 16:00:00,38.83
2/25/2013 16:00:00,38.24
2/26/2013 16:00:00,38.44
2/27/2013 16:00:00,38.86
2/28/2013 16:00:00,38.81
3/1/2013 16:00:00,38.82
3/4/2013 16:00:00,38.94
3/5/2013 16:00:00,39.28
3/6/2013 16:00:00,39.33
3/7/2013 16:00:00,39.41
3/8/2013 16:00:00,39.54
3/11/2013 16:00:00,39.62
3/12/2013 16:00:00,39.49
3/13/2013 16:00:00,39.52
3/14/2013 16:00:00,39.77
3/15/2013 16:00:00,39.77
3/18/2013 16:00:00,39.56
3/19/2013 16:00:00,39.41
3/20/2013 16:00:00,39.71
3/21/2013 16:00:00,39.43
3/22/2013 16:00:00,39.63
3/25/2013 16:00:00,39.52
3/26/2013 16:00:00,39.69
3/27/2013 16:00:00,39.65
3/28/2013 16:00:00,39.78
4/1/2013 16:00:00,39.55
4/2/2013 16:00:00,39.55
4/3/2013 16:00:00,39.22
4/4/2013 16:00:00,39.42
4/5/2013 16:00:00,39.31
4/8/2013 16:00:00,39.5
4/9/2013 16:00:00,39.59
4/10/2013 16:00:00,40
4/11/2013 16:00:00,40.16
4/12/2013 16:00:00,40.03
4/15/2013 16:00:00,39.3
4/16/2013 16:00:00,39.72
4/17/2013 16:00:00,39.2
4/18/2013 16:00:00,39.06
4/19/2013 16:00:00,39.37
4/22/2013 16:00:00,39.47
4/23/2013 16:00:00,39.88
4/24/2013 16:00:00,39.99
4/25/2013 16:00:00,40.16
4/26/2013 16:00:00,40.07
4/29/2013 16:00:00,40.38
4/30/2013 16:00:00,40.52
5/1/2013 16:00:00,40.14
5/2/2013 16:00:00,40.45
5/3/2013 16:00:00,40.81
5/6/2013 16:00:00,40.87
5/7/2013 16:00:00,41.02
5/8/2013 16:00:00,41.23
5/9/2013 16:00:00,41.01
5/10/2013 16:00:00,41.15
5/13/2013 16:00:00,41.1
5/14/2013 16:00:00,41.4
5/15/2013 16:00:00,41.56
5/16/2013 16:00:00,41.4
5/17/2013 16:00:00,41.68
5/20/2013 16:00:00,41.73
5/21/2013 16:00:00,41.8
5/22/2013 16:00:00,41.36
5/23/2013 16:00:00,41.18
5/24/2013 16:00:00,41.07
5/28/2013 16:00:00,41.19
5/29/2013 16:00:00,40.96
5/30/2013 16:00:00,41.13
5/31/2013 16:00:00,40.56
6/3/2013 16:00:00,40.72
6/4/2013 16:00:00,40.63
6/5/2013 16:00:00,40.05
6/6/2013 16:00:00,40.32
6/7/2013 16:00:00,40.72
6/10/2013 16:00:00,40.72
6/11/2013 16:00:00,40.31
6/12/2013 16:00:00,40.08
6/13/2013 16:00:00,40.64
6/14/2013 16:00:00,40.42
6/17/2013 16:00:00,40.66
6/18/2013 16:00:00,40.95
6/19/2013 16:00:00,40.43
6/20/2013 16:00:00,39.41
6/21/2013 16:00:00,39.41
6/24/2013 16:00:00,39.05
6/25/2013 16:00:00,39.36
6/26/2013 16:00:00,39.64
6/27/2013 16:00:00,39.97
6/28/2013 16:00:00,39.97
7/1/2013 16:00:00,40.1
7/2/2013 16:00:00,39.68
7/3/2013 16:00:00,39.71
7/5/2013 16:00:00,39.94
7/8/2013 16:00:00,40.14
7/9/2013 16:00:00,40.4
7/10/2013 16:00:00,40.42
7/11/2013 16:00:00,41.03
7/12/2013 16:00:00,41.04
7/15/2013 16:00:00,41.18
7/16/2013 16:00:00,41.07
7/17/2013 16:00:00,41.21
7/18/2013 16:00:00,41.4
7/19/2013 16:00:00,41.45
7/22/2013 16:00:00,41.57
7/23/2013 16:00:00,41.55
7/24/2013 16:00:00,41.39
7/25/2013 16:00:00,41.49
7/26/2013 16:00:00,41.4
7/29/2013 16:00:00,41.21
7/30/2013 16:00:00,41.25
7/31/2013 16:00:00,41.31
8/1/2013 16:00:00,41.73
8/2/2013 16:00:00,41.85
8/5/2013 16:00:00,41.82
8/6/2013 16:00:00,41.63
8/7/2013 16:00:00,41.44
8/8/2013 16:00:00,41.66
8/9/2013 16:00:00,41.63
8/12/2013 16:00:00,41.58
8/13/2013 16:00:00,41.71
8/14/2013 16:00:00,41.56
8/15/2013 16:00:00,41.1
8/16/2013 16:00:00,41.03
8/19/2013 16:00:00,40.76
8/20/2013 16:00:00,40.95
8/21/2013 16:00:00,40.64
8/22/2013 16:00:00,40.93
8/23/2013 16:00:00,41.16
8/26/2013 16:00:00,41.05
8/27/2013 16:00:00,40.45
8/28/2013 16:00:00,40.47
8/29/2013 16:00:00,40.53
8/30/2013 16:00:00,40.25
9/3/2013 16:00:00,40.48
9/4/2013 16:00:00,40.81
9/5/2013 16:00:00,40.83
9/6/2013 16:00:00,40.91
9/9/2013 16:00:00,41.37
9/10/2013 16:00:00,41.63
9/11/2013 16:00:00,41.73
9/12/2013 16:00:00,41.63
9/13/2013 16:00:00,41.71
9/16/2013 16:00:00,41.97
9/17/2013 16:00:00,42.09
9/18/2013 16:00:00,42.74
9/19/2013 16:00:00,42.64
9/20/2013 16:00:00,42.38
9/23/2013 16:00:00,42.27
9/24/2013 16:00:00,42.32
9/25/2013 16:00:00,42.28
9/26/2013 16:00:00,42.29
9/27/2013 16:00:00,42.21
9/30/2013 16:00:00,41.99
10/1/2013 16:00:00,42.38
10/2/2013 16:00:00,42.17
10/3/2013 16:00:00,41.9
10/4/2013 16:00:00,42.08
10/7/2013 16:00:00,41.78
10/8/2013 16:00:00,41.37
10/9/2013 16:00:00,41.41
10/10/2013 16:00:00,42.14
10/11/2013 16:00:00,42.36
10/14/2013 16:00:00,42.48
10/15/2013 16:00:00,42.24
10/16/2013 16:00:00,42.67
10/17/2013 16:00:00,43
10/18/2013 16:00:00,43.24
10/21/2013 16:00:00,43.25
10/22/2013 16:00:00,43.5
10/23/2013 16:00:00,43.31
10/24/2013 16:00:00,43.43
10/25/2013 16:00:00,43.49
10/28/2013 16:00:00,43.44
10/29/2013 16:00:00,43.65
10/30/2013 16:00:00,43.46
10/31/2013 16:00:00,43.34
11/1/2013 16:00:00,43.31
11/4/2013 16:00:00,43.5
11/5/2013 16:00:00,43.28
11/6/2013 16:00:00,43.43
11/7/2013 16:00:00,42.9
11/8/2013 16:00:00,43.21
11/11/2013 16:00:00,43.32
11/12/2013 16:00:00,43.23
11/13/2013 16:00:00,43.47
11/14/2013 16:00:00,43.7
11/15/2013 16:00:00,43.88
11/18/2013 16:00:00,43.77
11/19/2013 16:00:00,43.63
11/20/2013 16:00:00,43.42
11/21/2013 16:00:00,43.84
11/22/2013 16:00:00,43.97
11/25/2013 16:00:00,43.87
11/26/2013 16:00:00,43.9
11/27/2013 16:00:00,44.01
11/29/2013 16:00:00,44
12/2/2013 16:00:00,43.81
12/3/2013 16:00:00,43.66
12/4/2013 16:00:00,43.55
12/5/2013 16:00:00,43.39
12/6/2013 16:00:00,43.83
12/9/2013 16:00:00,43.84
12/10/2013 16:00:00,43.79
12/11/2013 16:00:00,43.33
12/12/2013 16:00:00,43.15
12/13/2013 16:00:00,43.23
12/16/2013 16:00:00,43.48
12/17/2013 16:00:00,43.39
12/18/2013 16:00:00,43.93
12/19/2013 16:00:00,43.83
12/20/2013 16:00:00,44.07
12/23/2013 16:00:00,44.34
12/24/2013 16:00:00,44.43
12/26/2013 16:00:00,44.58
12/27/2013 16:00:00,44.42
12/30/2013 16:00:00,44.52
12/31/2013 16:00:00,44.61
1/2/2014 16:00:00,44.15
1/3/2014 16:00:00,44.18
1/6/2014 16:00:00,44.12
1/7/2014 16:00:00,44.32
1/8/2014 16:00:00,44.3
1/9/2014 16:00:00,44.34
1/10/2014 16:00:00,44.57
1/13/2014 16:00:00,44.08
1/14/2014 16:00:00,44.49
1/15/2014 16:00:00,44.67
1/16/2014 16:00:00,44.59
1/17/2014 16:00:00,44.47
1/21/2014 16:00:00,44.61
1/22/2014 16:00:00,44.7
1/23/2014 16:00:00,44.35
1/24/2014 16:00:00,43.54
1/27/2014 16:00:00,43.3
1/28/2014 16:00:00,43.53
1/29/2014 16:00:00,43.18
1/30/2014 16:00:00,43.53
1/31/2014 16:00:00,43.26
2/3/2014 16:00:00,42.32
2/4/2014 16:00:00,42.67
2/5/2014 16:00:00,42.65
2/6/2014 16:00:00,43.18
2/7/2014 16:00:00,43.59
2/10/2014 16:00:00,43.6
2/11/2014 16:00:00,44.06
2/12/2014 16:00:00,44.11
2/13/2014 16:00:00,44.33
2/14/2014 16:00:00,44.52
2/18/2014 16:00:00,44.68
2/19/2014 16:00:00,44.42
2/20/2014 16:00:00,44.62
2/21/2014 16:00:00,44.6
2/24/2014 16:00:00,44.87
2/25/2014 16:00:00,44.79
2/26/2014 16:00:00,44.8
2/27/2014 16:00:00,45.03
2/28/2014 16:00:00,45.09
3/3/2014 16:00:00,44.67
3/4/2014 16:00:00,45.33
3/5/2014 16:00:00,45.27
3/6/2014 16:00:00,45.46
3/7/2014 16:00:00,45.31
3/10/2014 16:00:00,45.18
3/11/2014 16:00:00,44.96
3/12/2014 16:00:00,44.97
3/13/2014 16:00:00,44.43
3/14/2014 16:00:00,44.48
3/17/2014 16:00:00,44.81
3/18/2014 16:00:00,45.1
3/19/2014 16:00:00,44.75
3/20/2014 16:00:00,44.84
3/21/2014 16:00:00,44.8
3/24/2014 16:00:00,44.72
3/25/2014 16:00:00,44.91
3/26/2014 16:00:00,44.76
3/27/2014 16:00:00,44.78
3/28/2014 16:00:00,45
3/31/2014 16:00:00,45.36
4/1/2014 16:00:00,45.65
4/2/2014 16:00:00,45.62
4/3/2014 16:00:00,45.51
4/4/2014 16:00:00,45.16
4/7/2014 16:00:00,44.83
4/8/2014 16:00:00,44.96
4/9/2014 16:00:00,45.4
4/10/2014 16:00:00,44.69
4/11/2014 16:00:00,44.38
4/14/2014 16:00:00,44.53
4/15/2014 16:00:00,44.6
4/16/2014 16:00:00,45.01
4/17/2014 16:00:00,45.17
4/21/2014 16:00:00,45.21
4/22/2014 16:00:00,45.41
4/23/2014 16:00:00,45.31
4/24/2014 16:00:00,45.37
4/25/2014 16:00:00,45.01
4/28/2014 16:00:00,45.07
4/29/2014 16:00:00,45.28
4/30/2014 16:00:00,45.4
5/1/2014 16:00:00,45.5
5/2/2014 16:00:00,45.5
5/5/2014 16:00:00,45.51
5/6/2014 16:00:00,45.28
5/7/2014 16:00:00,45.47
5/8/2014 16:00:00,45.39
5/9/2014 16:00:00,45.42
5/12/2014 16:00:00,45.81
5/13/2014 16:00:00,45.83
5/14/2014 16:00:00,45.7
5/15/2014 16:00:00,45.44
5/16/2014 16:00:00,45.61
5/19/2014 16:00:00,45.71
5/20/2014 16:00:00,45.39
5/21/2014 16:00:00,45.62
5/22/2014 16:00:00,45.76
5/23/2014 16:00:00,45.96
5/27/2014 16:00:00,46.12
5/28/2014 16:00:00,46.17
5/29/2014 16:00:00,46.28
5/30/2014 16:00:00,46.27
6/2/2014 16:00:00,46.31
6/3/2014 16:00:00,46.29
6/4/2014 16:00:00,46.34
6/5/2014 16:00:00,46.72
6/6/2014 16:00:00,46.89
6/9/2014 16:00:00,46.93
6/10/2014 16:00:00,46.9
6/11/2014 16:00:00,46.74
6/12/2014 16:00:00,46.55
6/13/2014 16:00:00,46.66
6/16/2014 16:00:00,46.65
6/17/2014 16:00:00,46.74
6/18/2014 16:00:00,47.08
6/19/2014 16:00:00,47.13
6/20/2014 16:00:00,47.19
6/23/2014 16:00:00,47.13
6/24/2014 16:00:00,46.89
6/25/2014 16:00:00,47.05
6/26/2014 16:00:00,47.01
6/27/2014 16:00:00,47.15
6/30/2014 16:00:00,47.19
7/1/2014 16:00:00,47.52
7/2/2014 16:00:00,47
7/3/2014 16:00:00,47.23
7/7/2014 16:00:00,46.94
7/8/2014 16:00:00,46.69
7/9/2014 16:00:00,46.85
7/10/2014 16:00:00,46.53
7/11/2014 16:00:00,46.59
7/14/2014 16:00:00,46.79
7/15/2014 16:00:00,46.7
7/16/2014 16:00:00,46.84
7/17/2014 16:00:00,46.33
7/18/2014 16:00:00,46.77
7/21/2014 16:00:00,46.62
7/22/2014 16:00:00,46.89
7/23/2014 16:00:00,46.93
7/24/2014 16:00:00,46.98
7/25/2014 16:00:00,46.78
7/28/2014 16:00:00,46.79
7/29/2014 16:00:00,46.65
7/30/2014 16:00:00,46.61
7/31/2014 16:00:00,45.84
8/1/2014 16:00:00,45.75
8/4/2014 16:00:00,46.01
8/5/2014 16:00:00,45.62
8/6/2014 16:00:00,45.58
8/7/2014 16:00:00,45.37
8/8/2014 16:00:00,45.67
8/11/2014 16:00:00,45.95
8/12/2014 16:00:00,45.85
8/13/2014 16:00:00,46.16
8/14/2014 16:00:00,46.31
8/15/2014 16:00:00,46.3
8/18/2014 16:00:00,46.61
8/19/2014 16:00:00,46.85
8/20/2014 16:00:00,46.86
8/21/2014 16:00:00,46.9
8/22/2014 16:00:00,46.83
8/25/2014 16:00:00,47
8/26/2014 16:00:00,47.11
8/27/2014 16:00:00,47.1
8/28/2014 16:00:00,47.03
8/29/2014 16:00:00,47.12
9/2/2014 16:00:00,47.16
9/3/2014 16:00:00,47.22
9/4/2014 16:00:00,46.92
9/5/2014 16:00:00,47.27
9/8/2014 16:00:00,47.08
9/9/2014 16:00:00,46.76
9/10/2014 16:00:00,46.84
9/11/2014 16:00:00,46.83
9/12/2014 16:00:00,46.54
9/15/2014 16:00:00,46.41
9/16/2014 16:00:00,46.67
9/17/2014 16:00:00,46.8
9/18/2014 16:00:00,46.78
9/19/2014 16:00:00,46.65
9/22/2014 16:00:00,46.29
9/23/2014 16:00:00,46.01
9/24/2014 16:00:00,46.26
9/25/2014 16:00:00,45.71
9/26/2014 16:00:00,45.93
9/29/2014 16:00:00,45.73
9/30/2014 16:00:00,45.57
10/1/2014 16:00:00,45.11
10/2/2014 16:00:00,44.92
10/3/2014 16:00:00,45.17
10/6/2014 16:00:00,45.22
10/7/2014 16:00:00,44.66
10/8/2014 16:00:00,45.31
10/9/2014 16:00:00,44.47
10/10/2014 16:00:00,43.92
10/13/2014 16:00:00,43.65
10/14/2014 16:00:00,43.81
10/15/2014 16:00:00,43.66
10/16/2014 16:00:00,43.65
10/17/2014 16:00:00,44.08
10/20/2014 16:00:00,44.41
10/21/2014 16:00:00,45.01
10/22/2014 16:00:00,44.72
10/23/2014 16:00:00,45.11
10/24/2014 16:00:00,45.35
10/27/2014 16:00:00,45.27
10/28/2014 16:00:00,45.77
10/29/2014 16:00:00,45.72
10/30/2014 16:00:00,45.9
10/31/2014 16:00:00,46.46
11/3/2014 16:00:00,46.33
11/4/2014 16:00:00,46.24
11/5/2014 16:00:00,46.34
11/6/2014 16:00:00,46.35
11/7/2014 16:00:00,46.39
11/10/2014 16:00:00,46.52
11/11/2014 16:00:00,46.59
11/12/2014 16:00:00,46.51
11/13/2014 16:00:00,46.52
11/14/2014 16:00:00,46.55
11/17/2014 16:00:00,46.44
11/18/2014 16:00:00,46.68
11/19/2014 16:00:00,46.54
11/20/2014 16:00:00,46.62
11/21/2014 16:00:00,46.98
11/24/2014 16:00:00,47.12
11/25/2014 16:00:00,47.12
11/26/2014 16:00:00,47.27
11/28/2014 16:00:00,47.05
12/1/2014 16:00:00,46.67
12/2/2014 16:00:00,46.86
12/3/2014 16:00:00,47.01
12/4/2014 16:00:00,46.96
12/5/2014 16:00:00,47
12/8/2014 16:00:00,46.7
12/9/2014 16:00:00,46.7
12/10/2014 16:00:00,46.05
12/11/2014 16:00:00,46.12
12/12/2014 16:00:00,45.55
12/15/2014 16:00:00,45.14
12/16/2014 16:00:00,45
12/17/2014 16:00:00,45.83
12/18/2014 16:00:00,46.56
12/19/2014 16:00:00,46.69
12/22/2014 16:00:00,46.92
12/23/2014 16:00:00,46.94
12/24/2014 16:00:00,47
12/26/2014 16:00:00,46.81
12/29/2014 16:00:00,46.77
12/30/2014 16:00:00,46.65
12/31/2014 16:00:00,46.28
1/2/2015 16:00:00,46.23
1/5/2015 16:00:00,45.5
1/6/2015 16:00:00,45.19
1/7/2015 16:00:00,45.63
1/8/2015 16:00:00,46.24
1/9/2015 16:00:00,46.08
1/12/2015 16:00:00,45.85
1/13/2015 16:00:00,45.83
1/14/2015 16:00:00,45.72
1/15/2015 16:00:00,45.54
1/16/2015 16:00:00,46.03
1/20/2015 16:00:00,46.03
1/21/2015 16:00:00,46.3
1/22/2015 16:00:00,46.84
1/23/2015 16:00:00,46.63
1/26/2015 16:00:00,46.94
1/27/2015 16:00:00,46.69
1/28/2015 16:00:00,46.21
1/29/2015 16:00:00,46.55
1/30/2015 16:00:00,45.96
2/2/2015 16:00:00,46.33
2/3/2015 16:00:00,46.7
2/4/2015 16:00:00,46.52
2/5/2015 16:00:00,47
2/6/2015 16:00:00,46.65
2/9/2015 16:00:00,46.48
2/10/2015 16:00:00,46.8
2/11/2015 16:00:00,46.67
2/12/2015 16:00:00,47.18
2/13/2015 16:00:00,47.36
2/17/2015 16:00:00,47.34
2/18/2015 16:00:00,47.48
2/19/2015 16:00:00,47.55
2/20/2015 16:00:00,47.88
2/23/2015 16:00:00,47.76
2/24/2015 16:00:00,47.89
2/25/2015 16:00:00,47.95
2/26/2015 16:00:00,47.82
2/27/2015 16:00:00,47.88
3/2/2015 16:00:00,47.86
3/3/2015 16:00:00,47.75
3/4/2015 16:00:00,47.6
3/5/2015 16:00:00,47.67
3/6/2015 16:00:00,47.04
3/9/2015 16:00:00,47.19
3/10/2015 16:00:00,46.53
3/11/2015 16:00:00,46.58
3/12/2015 16:00:00,47.04
3/13/2015 16:00:00,46.8
3/16/2015 16:00:00,47.24
3/17/2015 16:00:00,47.2
3/18/2015 16:00:00,47.78
3/19/2015 16:00:00,47.51
3/20/2015 16:00:00,48.04
3/23/2015 16:00:00,48.21
3/24/2015 16:00:00,48.11
3/25/2015 16:00:00,47.67
3/26/2015 16:00:00,47.43
3/27/2015 16:00:00,47.54
3/30/2015 16:00:00,47.81
3/31/2015 16:00:00,47.5
4/1/2015 16:00:00,47.53
4/2/2015 16:00:00,47.69
4/6/2015 16:00:00,48.01
4/7/2015 16:00:00,47.91
4/8/2015 16:00:00,48.12
4/9/2015 16:00:00,48.23
4/10/2015 16:00:00,48.37
4/13/2015 16:00:00,48.17
4/14/2015 16:00:00,48.35
4/15/2015 16:00:00,48.48
4/16/2015 16:00:00,48.61
4/17/2015 16:00:00,48.13
4/20/2015 16:00:00,48.32
4/21/2015 16:00:00,48.37
4/22/2015 16:00:00,48.46
4/23/2015 16:00:00,48.75
4/24/2015 16:00:00,48.79
4/27/2015 16:00:00,48.87
4/28/2015 16:00:00,48.87
4/29/2015 16:00:00,48.69
4/30/2015 16:00:00,48.16
5/1/2015 16:00:00,48.54
5/4/2015 16:00:00,48.59
5/5/2015 16:00:00,48.07
5/6/2015 16:00:00,47.93
5/7/2015 16:00:00,48
5/8/2015 16:00:00,48.71
5/11/2015 16:00:00,48.46
5/12/2015 16:00:00,48.39
5/13/2015 16:00:00,48.49
5/14/2015 16:00:00,48.91
5/15/2015 16:00:00,49
5/18/2015 16:00:00,49.01
5/19/2015 16:00:00,48.84
5/20/2015 16:00:00,48.88
5/21/2015 16:00:00,49.03
5/22/2015 16:00:00,48.94
5/26/2015 16:00:00,48.44
5/27/2015 16:00:00,48.79
5/28/2015 16:00:00,48.67
5/29/2015 16:00:00,48.28
6/1/2015 16:00:00,48.35
6/2/2015 16:00:00,48.37
6/3/2015 16:00:00,48.45
6/4/2015 16:00:00,48.06
6/5/2015 16:00:00,47.83
6/8/2015 16:00:00,47.71
6/9/2015 16:00:00,47.54
6/10/2015 16:00:00,48.14
6/11/2015 16:00:00,48.28
6/12/2015 16:00:00,48.04
6/15/2015 16:00:00,47.79
6/16/2015 16:00:00,47.94
6/17/2015 16:00:00,47.98
6/18/2015 16:00:00,48.28
6/19/2015 16:00:00,48.11
6/22/2015 16:00:00,48.6
6/23/2015 16:00:00,48.68
6/24/2015 16:00:00,48.37
6/25/2015 16:00:00,48.31
6/26/2015 16:00:00,48.24
6/29/2015 16:00:00,47.22
6/30/2015 16:00:00,47.43
7/1/2015 16:00:00,47.6
7/2/2015 16:00:00,47.25
7/6/2015 16:00:00,46.77
7/7/2015 16:00:00,46.87
7/8/2015 16:00:00,46.09
7/9/2015 16:00:00,46.38
7/10/2015 16:00:00,47.1
7/13/2015 16:00:00,47.43
7/14/2015 16:00:00,47.51
7/15/2015 16:00:00,47.43
7/16/2015 16:00:00,47.83
7/17/2015 16:00:00,47.78
7/20/2015 16:00:00,47.83
7/21/2015 16:00:00,47.72
7/22/2015 16:00:00,47.51
7/23/2015 16:00:00,47.36
7/24/2015 16:00:00,46.96
7/27/2015 16:00:00,46.67
7/28/2015 16:00:00,47.08
7/29/2015 16:00:00,47.33
7/30/2015 16:00:00,47.24
7/31/2015 16:00:00,47.42
8/3/2015 16:00:00,47.16
8/4/2015 16:00:00,47.17
8/5/2015 16:00:00,47.33
8/6/2015 16:00:00,47.02
8/7/2015 16:00:00,46.94
8/10/2015 16:00:00,47.51
8/11/2015 16:00:00,47.01
8/12/2015 16:00:00,46.85
8/13/2015 16:00:00,46.9
8/14/2015 16:00:00,47.01
8/17/2015 16:00:00,47.06
8/18/2015 16:00:00,46.85
8/19/2015 16:00:00,46.59
8/20/2015 16:00:00,45.67
8/21/2015 16:00:00,44.76
8/24/2015 16:00:00,43.47
8/25/2015 16:00:00,43.15
8/26/2015 16:00:00,44.2
8/27/2015 16:00:00,45.07
8/28/2015 16:00:00,45.07
8/31/2015 16:00:00,44.83
9/1/2015 16:00:00,43.71
9/2/2015 16:00:00,44.12
9/3/2015 16:00:00,44.33
9/4/2015 16:00:00,43.74
9/8/2015 16:00:00,44.51
9/9/2015 16:00:00,44.18
9/10/2015 16:00:00,44.34
9/11/2015 16:00:00,44.53
9/14/2015 16:00:00,44.38
9/15/2015 16:00:00,44.7
9/16/2015 16:00:00,45.12
9/17/2015 16:00:00,45.21
9/18/2015 16:00:00,44.42
9/21/2015 16:00:00,44.52
9/22/2015 16:00:00,43.95
9/23/2015 16:00:00,43.81
9/24/2015 16:00:00,43.6
9/25/2015 16:00:00,43.78
9/28/2015 16:00:00,43.03
9/29/2015 16:00:00,42.93
9/30/2015 16:00:00,43.63
10/1/2015 16:00:00,43.68
10/2/2015 16:00:00,44.2
10/5/2015 16:00:00,44.85
10/6/2015 16:00:00,44.83
10/7/2015 16:00:00,45.22
10/8/2015 16:00:00,45.47
10/9/2015 16:00:00,45.47
10/12/2015 16:00:00,45.5
10/13/2015 16:00:00,45.22
10/14/2015 16:00:00,45.11
10/15/2015 16:00:00,45.76
10/16/2015 16:00:00,45.75
10/19/2015 16:00:00,45.76
10/20/2015 16:00:00,45.69
10/21/2015 16:00:00,45.52
10/22/2015 16:00:00,45.96
10/23/2015 16:00:00,46.38
10/26/2015 16:00:00,46.27
10/27/2015 16:00:00,46.04
10/28/2015 16:00:00,46.34
10/29/2015 16:00:00,46.11
10/30/2015 16:00:00,46.05
11/2/2015 16:00:00,46.39
11/3/2015 16:00:00,46.48
11/4/2015 16:00:00,46.31
11/5/2015 16:00:00,46.29
11/6/2015 16:00:00,46.11
11/9/2015 16:00:00,45.76
11/10/2015 16:00:00,45.72
11/11/2015 16:00:00,45.79
11/12/2015 16:00:00,45.33
11/13/2015 16:00:00,45.01
11/16/2015 16:00:00,45.49
11/17/2015 16:00:00,45.51
11/18/2015 16:00:00,46
11/19/2015 16:00:00,46.09
11/20/2015 16:00:00,46.13
11/23/2015 16:00:00,46.01
11/24/2015 16:00:00,46
11/25/2015 16:00:00,46.08
11/27/2015 16:00:00,46.05
11/30/2015 16:00:00,45.97
12/1/2015 16:00:00,46.35
12/2/2015 16:00:00,46
12/3/2015 16:00:00,45.55
12/4/2015 16:00:00,46.09
12/7/2015 16:00:00,45.84
12/8/2015 16:00:00,45.38
12/9/2015 16:00:00,45.24
12/10/2015 16:00:00,45.28
12/11/2015 16:00:00,44.57
12/14/2015 16:00:00,44.6
12/15/2015 16:00:00,44.91
12/16/2015 16:00:00,45.55
12/17/2015 16:00:00,45.09
12/18/2015 16:00:00,44.64
12/21/2015 16:00:00,44.78
12/22/2015 16:00:00,45.12
12/23/2015 16:00:00,45.6
12/24/2015 16:00:00,45.52
12/28/2015 16:00:00,45.17
12/29/2015 16:00:00,45.48
12/30/2015 16:00:00,45.25
12/31/2015 16:00:00,44.84
1/4/2016 16:00:00,44.32
1/5/2016 16:00:00,44.38
1/6/2016 16:00:00,43.8
1/7/2016 16:00:00,43.02
1/8/2016 16:00:00,42.63
1/11/2016 16:00:00,42.65
1/12/2016 16:00:00,42.87
1/13/2016 16:00:00,42.18
1/14/2016 16:00:00,42.63
1/15/2016 16:00:00,41.72
1/19/2016 16:00:00,41.86
1/20/2016 16:00:00,41.34
1/21/2016 16:00:00,41.49
1/22/2016 16:00:00,42.28
1/25/2016 16:00:00,41.81
1/26/2016 16:00:00,42.31
1/27/2016 16:00:00,41.99
1/28/2016 16:00:00,42.24
1/29/2016 16:00:00,42.98
2/1/2016 16:00:00,42.93
2/2/2016 16:00:00,42.23
2/3/2016 16:00:00,42.48
2/4/2016 16:00:00,42.54
2/5/2016 16:00:00,42.01
2/8/2016 16:00:00,41.53
2/9/2016 16:00:00,41.32
2/10/2016 16:00:00,41.35
2/11/2016 16:00:00,40.91
2/12/2016 16:00:00,41.44
2/16/2016 16:00:00,42.08
2/17/2016 16:00:00,42.64
2/18/2016 16:00:00,42.52
2/19/2016 16:00:00,42.5
2/22/2016 16:00:00,42.98
2/23/2016 16:00:00,42.49
2/24/2016 16:00:00,42.53
2/25/2016 16:00:00,42.94
2/26/2016 16:00:00,42.85
2/29/2016 16:00:00,42.68
3/1/2016 16:00:00,43.52
3/2/2016 16:00:00,43.75
3/3/2016 16:00:00,43.98
3/4/2016 16:00:00,44.23
3/7/2016 16:00:00,44.24
3/8/2016 16:00:00,43.79
3/9/2016 16:00:00,43.98
3/10/2016 16:00:00,43.93
3/11/2016 16:00:00,44.73
3/14/2016 16:00:00,44.64
3/15/2016 16:00:00,44.39
3/16/2016 16:00:00,44.7
3/17/2016 16:00:00,45.11
3/18/2016 16:00:00,45.18
3/21/2016 16:00:00,45.2
3/22/2016 16:00:00,45.13
3/23/2016 16:00:00,44.77
3/24/2016 16:00:00,44.67
3/28/2016 16:00:00,44.75
3/29/2016 16:00:00,45.2
3/30/2016 16:00:00,45.44
3/31/2016 16:00:00,45.31
4/1/2016 16:00:00,45.25
4/4/2016 16:00:00,44.97
4/5/2016 16:00:00,44.4
4/6/2016 16:00:00,44.88
4/7/2016 16:00:00,44.47
4/8/2016 16:00:00,44.82
4/11/2016 16:00:00,44.83
4/12/2016 16:00:00,45.25
4/13/2016 16:00:00,45.7
4/14/2016 16:00:00,45.7
4/15/2016 16:00:00,45.71
4/18/2016 16:00:00,45.98
4/19/2016 16:00:00,46.3
4/20/2016 16:00:00,46.28
4/21/2016 16:00:00,46.08
4/22/2016 16:00:00,46.08
4/25/2016 16:00:00,45.92
4/26/2016 16:00:00,46.08
4/27/2016 16:00:00,46.17
4/28/2016 16:00:00,45.7
4/29/2016 16:00:00,45.59
5/2/2016 16:00:00,45.84
5/3/2016 16:00:00,45.39
5/4/2016 16:00:00,45.05
5/5/2016 16:00:00,45.07
5/6/2016 16:00:00,45.18
5/9/2016 16:00:00,45.13
5/10/2016 16:00:00,45.66
5/11/2016 16:00:00,45.31
5/12/2016 16:00:00,45.26
5/13/2016 16:00:00,44.97
5/16/2016 16:00:00,45.35
5/17/2016 16:00:00,45.04
5/18/2016 16:00:00,45
5/19/2016 16:00:00,44.82
5/20/2016 16:00:00,45.06
5/23/2016 16:00:00,44.99
5/24/2016 16:00:00,45.51
5/25/2016 16:00:00,45.81
5/26/2016 16:00:00,45.9
5/27/2016 16:00:00,45.88
5/31/2016 16:00:00,45.89
6/1/2016 16:00:00,45.88
6/2/2016 16:00:00,45.99
6/3/2016 16:00:00,46.09
6/6/2016 16:00:00,46.3
6/7/2016 16:00:00,46.48
6/8/2016 16:00:00,46.61
6/9/2016 16:00:00,46.44
6/10/2016 16:00:00,45.77
6/13/2016 16:00:00,45.28
6/14/2016 16:00:00,45.14
6/15/2016 16:00:00,45.23
6/16/2016 16:00:00,45.26
6/17/2016 16:00:00,45.28
6/20/2016 16:00:00,45.84
6/21/2016 16:00:00,45.95
6/22/2016 16:00:00,45.98
6/23/2016 16:00:00,46.65
6/24/2016 16:00:00,44.61
6/27/2016 16:00:00,44.02
6/28/2016 16:00:00,44.78
6/29/2016 16:00:00,45.3
6/30/2016 16:00:00,45.87
7/1/2016 16:00:00,46.01
7/5/2016 16:00:00,45.64
7/6/2016 16:00:00,45.27
7/7/2016 16:00:00,45.2
7/8/2016 16:00:00,45.71
7/11/2016 16:00:00,46.12
7/12/2016 16:00:00,46.47
7/13/2016 16:00:00,46.44
7/14/2016 16:00:00,46.65
7/15/2016 16:00:00,46.55
7/18/2016 16:00:00,46.55
7/19/2016 16:00:00,46.43
7/20/2016 16:00:00,46.72
7/21/2016 16:00:00,46.57
7/22/2016 16:00:00,46.71
7/25/2016 16:00:00,46.6
7/26/2016 16:00:00,46.69
7/27/2016 16:00:00,46.8
7/28/2016 16:00:00,46.82
7/29/2016 16:00:00,47.08
8/1/2016 16:00:00,46.94
8/2/2016 16:00:00,46.58
8/3/2016 16:00:00,46.69
8/4/2016 16:00:00,46.76
8/5/2016 16:00:00,47.08
8/8/2016 16:00:00,47.12
8/9/2016 16:00:00,47.29
8/10/2016 16:00:00,47.27
8/11/2016 16:00:00,47.56
8/12/2016 16:00:00,47.53
8/15/2016 16:00:00,47.64
8/16/2016 16:00:00,47.46
8/17/2016 16:00:00,47.42
8/18/2016 16:00:00,47.62
8/19/2016 16:00:00,47.5
8/22/2016 16:00:00,47.48
8/23/2016 16:00:00,47.58
8/24/2016 16:00:00,47.35
8/25/2016 16:00:00,47.32
8/26/2016 16:00:00,47.18
8/29/2016 16:00:00,47.39
8/30/2016 16:00:00,47.27
8/31/2016 16:00:00,47.2
9/1/2016 16:00:00,47.32
9/2/2016 16:00:00,47.63
9/6/2016 16:00:00,47.84
9/7/2016 16:00:00,47.86
9/8/2016 16:00:00,47.78
9/9/2016 16:00:00,46.75
9/12/2016 16:00:00,47.26
9/13/2016 16:00:00,46.53
9/14/2016 16:00:00,46.56
9/15/2016 16:00:00,46.94
9/16/2016 16:00:00,46.64
9/19/2016 16:00:00,46.79
9/20/2016 16:00:00,46.83
9/21/2016 16:00:00,47.45
9/22/2016 16:00:00,47.79
9/23/2016 16:00:00,47.48
9/26/2016 16:00:00,47.13
9/27/2016 16:00:00,47.4
9/28/2016 16:00:00,47.64
9/29/2016 16:00:00,47.23
9/30/2016 16:00:00,47.48
10/3/2016 16:00:00,47.42
10/4/2016 16:00:00,47.1
10/5/2016 16:00:00,47.3
10/6/2016 16:00:00,47.24
10/7/2016 16:00:00,47.11
10/10/2016 16:00:00,47.23
10/11/2016 16:00:00,46.72
10/12/2016 16:00:00,46.72
10/13/2016 16:00:00,46.57
10/14/2016 16:00:00,46.58
10/17/2016 16:00:00,46.48
10/18/2016 16:00:00,46.78
10/19/2016 16:00:00,46.95
10/20/2016 16:00:00,46.94
10/21/2016 16:00:00,46.91
10/24/2016 16:00:00,46.98
10/25/2016 16:00:00,46.89
10/26/2016 16:00:00,46.75
10/27/2016 16:00:00,46.59
10/28/2016 16:00:00,46.5
10/31/2016 16:00:00,46.57
11/1/2016 16:00:00,46.34
11/2/2016 16:00:00,46.04
11/3/2016 16:00:00,45.98
11/4/2016 16:00:00,45.81
11/7/2016 16:00:00,46.5
11/8/2016 16:00:00,46.58
11/9/2016 16:00:00,46.73
11/10/2016 16:00:00,46.48
11/11/2016 16:00:00,46.38
11/14/2016 16:00:00,46.23
11/15/2016 16:00:00,46.52
11/16/2016 16:00:00,46.44
11/17/2016 16:00:00,46.57
11/18/2016 16:00:00,46.36
11/21/2016 16:00:00,46.69
11/22/2016 16:00:00,46.87
11/23/2016 16:00:00,46.73
11/25/2016 16:00:00,46.86
11/28/2016 16:00:00,46.69
11/29/2016 16:00:00,46.92
11/30/2016 16:00:00,46.8
12/1/2016 16:00:00,46.62
12/2/2016 16:00:00,46.69
12/5/2016 16:00:00,46.9
12/6/2016 16:00:00,47.15
12/7/2016 16:00:00,47.68
12/8/2016 16:00:00,47.65
12/9/2016 16:00:00,47.77
12/12/2016 16:00:00,47.71
12/13/2016 16:00:00,48.06
12/14/2016 16:00:00,47.54
12/15/2016 16:00:00,47.6
12/16/2016 16:00:00,47.55
12/19/2016 16:00:00,47.56
12/20/2016 16:00:00,47.74
12/21/2016 16:00:00,47.68
12/22/2016 16:00:00,47.57
12/23/2016 16:00:00,47.65
12/27/2016 16:00:00,47.7
12/28/2016 16:00:00,47.17
12/29/2016 16:00:00,47.23
12/30/2016 16:00:00,47.22
1/3/2017 16:00:00,47.44
1/4/2017 16:00:00,47.82
1/5/2017 16:00:00,48
1/6/2017 16:00:00,47.94
1/9/2017 16:00:00,47.8
1/10/2017 16:00:00,47.85
1/11/2017 16:00:00,48.06
1/12/2017 16:00:00,48.01
1/13/2017 16:00:00,48.1
1/17/2017 16:00:00,47.96
1/18/2017 16:00:00,47.94
1/19/2017 16:00:00,47.81
1/20/2017 16:00:00,47.95
1/23/2017 16:00:00,48.05
1/24/2017 16:00:00,48.26
1/25/2017 16:00:00,48.55
1/26/2017 16:00:00,48.51
1/27/2017 16:00:00,48.44
1/30/2017 16:00:00,48.19
1/31/2017 16:00:00,48.18
2/1/2017 16:00:00,48.32
2/2/2017 16:00:00,48.27
2/3/2017 16:00:00,48.59
2/6/2017 16:00:00,48.4
2/7/2017 16:00:00,48.39
2/8/2017 16:00:00,48.46
2/9/2017 16:00:00,48.62
2/10/2017 16:00:00,48.85
2/13/2017 16:00:00,48.99
2/14/2017 16:00:00,49.06
2/15/2017 16:00:00,49.31
2/16/2017 16:00:00,49.19
2/17/2017 16:00:00,49.3
2/21/2017 16:00:00,49.48
2/22/2017 16:00:00,49.45
2/23/2017 16:00:00,49.51
2/24/2017 16:00:00,49.42
2/27/2017 16:00:00,49.45
2/28/2017 16:00:00,49.35
3/1/2017 16:00:00,49.8
3/2/2017 16:00:00,49.47
3/3/2017 16:00:00,49.62
3/6/2017 16:00:00,49.49
3/7/2017 16:00:00,49.33
3/8/2017 16:00:00,49.2
3/9/2017 16:00:00,49.24
3/10/2017 16:00:00,49.42
3/13/2017 16:00:00,49.56
3/14/2017 16:00:00,49.38
3/15/2017 16:00:00,49.84
3/16/2017 16:00:00,49.97
3/17/2017 16:00:00,49.99
3/20/2017 16:00:00,49.95
3/21/2017 16:00:00,49.58
3/22/2017 16:00:00,49.62
3/23/2017 16:00:00,49.71
3/24/2017 16:00:00,49.76
3/27/2017 16:00:00,49.73
3/28/2017 16:00:00,49.96
3/29/2017 16:00:00,50.03
3/30/2017 16:00:00,50.02
3/31/2017 16:00:00,49.94
4/3/2017 16:00:00,49.95
4/4/2017 16:00:00,49.75
4/5/2017 16:00:00,49.68
4/6/2017 16:00:00,49.72
4/7/2017 16:00:00,49.67
4/10/2017 16:00:00,49.66
4/11/2017 16:00:00,49.77
4/12/2017 16:00:00,49.64
4/13/2017 16:00:00,49.41
4/17/2017 16:00:00,49.75
4/18/2017 16:00:00,49.61
4/19/2017 16:00:00,49.5
4/20/2017 16:00:00,49.79
4/21/2017 16:00:00,49.75
4/24/2017 16:00:00,50.35
4/25/2017 16:00:00,50.66
4/26/2017 16:00:00,50.61
4/27/2017 16:00:00,50.65
4/28/2017 16:00:00,50.59
5/1/2017 16:00:00,50.71
5/2/2017 16:00:00,50.77
5/3/2017 16:00:00,50.73
5/4/2017 16:00:00,50.75
5/5/2017 16:00:00,51.08
5/8/2017 16:00:00,50.91
5/9/2017 16:00:00,50.96
5/10/2017 16:00:00,51
5/11/2017 16:00:00,50.94
5/12/2017 16:00:00,51.03
5/15/2017 16:00:00,51.25
5/16/2017 16:00:00,51.35
5/17/2017 16:00:00,50.75
5/18/2017 16:00:00,50.72
5/19/2017 16:00:00,51.13
5/22/2017 16:00:00,51.26
5/23/2017 16:00:00,51.3
5/24/2017 16:00:00,51.48
5/25/2017 16:00:00,51.57
5/26/2017 16:00:00,51.48
5/30/2017 16:00:00,51.51
5/31/2017 16:00:00,51.51
6/1/2017 16:00:00,51.84
6/2/2017 16:00:00,52.13
6/5/2017 16:00:00,51.93
6/6/2017 16:00:00,51.93
6/7/2017 16:00:00,51.9
6/8/2017 16:00:00,51.98
6/9/2017 16:00:00,51.87
6/12/2017 16:00:00,51.77
6/13/2017 16:00:00,52.02
6/14/2017 16:00:00,52.03
6/15/2017 16:00:00,51.75
6/16/2017 16:00:00,51.9
6/19/2017 16:00:00,52.15
6/20/2017 16:00:00,51.76
6/21/2017 16:00:00,51.83
6/22/2017 16:00:00,51.83
6/23/2017 16:00:00,51.92
6/26/2017 16:00:00,52.02
6/27/2017 16:00:00,51.7
6/28/2017 16:00:00,52.05
6/29/2017 16:00:00,51.62
6/30/2017 16:00:00,51.79
7/3/2017 16:00:00,51.83
7/5/2017 16:00:00,51.84
7/6/2017 16:00:00,51.09
7/7/2017 16:00:00,51.26
7/10/2017 16:00:00,51.34
7/11/2017 16:00:00,51.39
7/12/2017 16:00:00,51.77
7/13/2017 16:00:00,51.87
7/14/2017 16:00:00,52.14
7/17/2017 16:00:00,52.03
7/18/2017 16:00:00,52.19
7/19/2017 16:00:00,52.44
7/20/2017 16:00:00,52.41
7/21/2017 16:00:00,52.44
7/24/2017 16:00:00,52.41
7/25/2017 16:00:00,52.41
7/26/2017 16:00:00,52.53
7/27/2017 16:00:00,52.47
7/28/2017 16:00:00,52.49
7/31/2017 16:00:00,52.49
8/1/2017 16:00:00,52.63
8/2/2017 16:00:00,52.7
8/3/2017 16:00:00,52.66
8/4/2017 16:00:00,52.73
8/7/2017 16:00:00,52.71
8/8/2017 16:00:00,52.62
8/9/2017 16:00:00,52.53
8/10/2017 16:00:00,51.92
8/11/2017 16:00:00,51.95
8/14/2017 16:00:00,52.36
8/15/2017 16:00:00,52.21
8/16/2017 16:00:00,52.46
8/17/2017 16:00:00,51.88
8/18/2017 16:00:00,51.95
8/21/2017 16:00:00,51.96
8/22/2017 16:00:00,52.3
8/23/2017 16:00:00,52.25
8/24/2017 16:00:00,52.17
8/25/2017 16:00:00,52.36
8/28/2017 16:00:00,52.32
8/29/2017 16:00:00,52.29
8/30/2017 16:00:00,52.43
8/31/2017 16:00:00,52.74
9/1/2017 16:00:00,52.82
9/5/2017 16:00:00,52.53
9/6/2017 16:00:00,52.68
9/7/2017 16:00:00,52.86
9/8/2017 16:00:00,52.76
9/11/2017 16:00:00,53.2
9/12/2017 16:00:00,53.28
9/13/2017 16:00:00,53.23
9/14/2017 16:00:00,53.27
9/15/2017 16:00:00,53.33
9/18/2017 16:00:00,53.43
9/19/2017 16:00:00,53.53
9/20/2017 16:00:00,53.4
9/21/2017 16:00:00,53.38
9/22/2017 16:00:00,53.36
9/25/2017 16:00:00,53.24
9/26/2017 16:00:00,53.19
9/27/2017 16:00:00,53.21
9/28/2017 16:00:00,53.36
9/29/2017 16:00:00,53.58
10/2/2017 16:00:00,53.67
10/3/2017 16:00:00,53.69
10/4/2017 16:00:00,53.61
10/5/2017 16:00:00,53.82
10/6/2017 16:00:00,53.78
10/9/2017 16:00:00,53.73
10/10/2017 16:00:00,53.99
10/11/2017 16:00:00,54.09
10/12/2017 16:00:00,54.06
10/13/2017 16:00:00,54.25
10/16/2017 16:00:00,54.26
10/17/2017 16:00:00,54.2
10/18/2017 16:00:00,54.26
10/19/2017 16:00:00,54.13
10/20/2017 16:00:00,54.26
10/23/2017 16:00:00,54.14
10/24/2017 16:00:00,54.2
10/25/2017 16:00:00,53.95
10/26/2017 16:00:00,54.06
10/27/2017 16:00:00,54.31
10/30/2017 16:00:00,54.21
10/31/2017 16:00:00,54.34
11/1/2017 16:00:00,54.48
11/2/2017 16:00:00,54.52
11/3/2017 16:00:00,54.55
11/6/2017 16:00:00,54.7
11/7/2017 16:00:00,54.58
11/8/2017 16:00:00,54.64
11/9/2017 16:00:00,54.41
11/10/2017 16:00:00,54.34
11/13/2017 16:00:00,54.27
11/14/2017 16:00:00,54.22
11/15/2017 16:00:00,54
11/16/2017 16:00:00,54.45
11/17/2017 16:00:00,54.38
11/20/2017 16:00:00,54.48
11/21/2017 16:00:00,54.82
11/22/2017 16:00:00,54.81
11/24/2017 16:00:00,55
11/27/2017 16:00:00,54.87
11/28/2017 16:00:00,55.11
11/29/2017 16:00:00,54.98
11/30/2017 16:00:00,55.23
12/1/2017 16:00:00,55.16
12/4/2017 16:00:00,55.01
12/5/2017 16:00:00,54.96
12/6/2017 16:00:00,54.79
12/7/2017 16:00:00,54.94
12/8/2017 16:00:00,55.17
12/11/2017 16:00:00,55.26
12/12/2017 16:00:00,55.3
12/13/2017 16:00:00,55.43
12/14/2017 16:00:00,55.24
12/15/2017 16:00:00,55.35
12/18/2017 16:00:00,55.82
12/19/2017 16:00:00,55.65
12/20/2017 16:00:00,55.58
12/21/2017 16:00:00,55.75
12/22/2017 16:00:00,55.78
12/26/2017 16:00:00,55.75
12/27/2017 16:00:00,55.81
12/28/2017 16:00:00,53.91
12/29/2017 16:00:00,53.88
1/2/2018 16:00:00,54.21
1/3/2018 16:00:00,54.47
1/4/2018 16:00:00,54.76
1/5/2018 16:00:00,55.04
1/8/2018 16:00:00,54.99
1/9/2018 16:00:00,55.08
1/10/2018 16:00:00,54.97
1/11/2018 16:00:00,55.29
1/12/2018 16:00:00,55.6
1/16/2018 16:00:00,55.55
1/17/2018 16:00:00,55.87
1/18/2018 16:00:00,55.83
1/19/2018 16:00:00,55.93
1/22/2018 16:00:00,56.33
1/23/2018 16:00:00,56.49
1/24/2018 16:00:00,56.56
1/25/2018 16:00:00,56.53
1/26/2018 16:00:00,56.92
1/29/2018 16:00:00,56.56
1/30/2018 16:00:00,56.09
1/31/2018 16:00:00,56.13
2/1/2018 16:00:00,56
2/2/2018 16:00:00,55.01
2/5/2018 16:00:00,53.29
2/6/2018 16:00:00,54.02
2/7/2018 16:00:00,53.64
2/8/2018 16:00:00,52.32
2/9/2018 16:00:00,52.56
2/12/2018 16:00:00,53.22
2/13/2018 16:00:00,53.37
2/14/2018 16:00:00,53.97
2/15/2018 16:00:00,54.5
2/16/2018 16:00:00,54.61
2/20/2018 16:00:00,54.27
2/21/2018 16:00:00,54.07
2/22/2018 16:00:00,54.15
2/23/2018 16:00:00,54.68
2/26/2018 16:00:00,55.17
2/27/2018 16:00:00,54.46
2/28/2018 16:00:00,54.02
3/1/2018 16:00:00,53.53
3/2/2018 16:00:00,53.69
3/5/2018 16:00:00,53.98
3/6/2018 16:00:00,54.25
3/7/2018 16:00:00,54.19
3/8/2018 16:00:00,54.38
3/9/2018 16:00:00,54.99
3/12/2018 16:00:00,55.03
3/13/2018 16:00:00,54.74
3/14/2018 16:00:00,54.66
3/15/2018 16:00:00,54.65
3/16/2018 16:00:00,54.65
3/19/2018 16:00:00,54.11
3/20/2018 16:00:00,54.18
3/21/2018 16:00:00,54.14
3/22/2018 16:00:00,53.26
3/23/2018 16:00:00,52.5
3/26/2018 16:00:00,53.47
3/27/2018 16:00:00,52.78
3/28/2018 16:00:00,52.94
3/29/2018 16:00:00,53.5
4/2/2018 16:00:00,52.7
4/3/2018 16:00:00,52.98
4/4/2018 16:00:00,53.32
4/5/2018 16:00:00,53.58
4/6/2018 16:00:00,52.9
4/9/2018 16:00:00,53.14
4/10/2018 16:00:00,53.74
4/11/2018 16:00:00,53.56
4/12/2018 16:00:00,53.79
4/13/2018 16:00:00,53.61
4/16/2018 16:00:00,53.9
4/17/2018 16:00:00,54.27
4/18/2018 16:00:00,54.38
4/19/2018 16:00:00,54.14
4/20/2018 16:00:00,53.79
4/23/2018 16:00:00,53.74
4/24/2018 16:00:00,53.33
4/25/2018 16:00:00,53.28
4/26/2018 16:00:00,53.59
4/27/2018 16:00:00,53.7
4/30/2018 16:00:00,53.47
5/1/2018 16:00:00,53.44
5/2/2018 16:00:00,53.25
5/3/2018 16:00:00,53.18
5/4/2018 16:00:00,53.48
5/7/2018 16:00:00,53.55
5/8/2018 16:00:00,53.62
5/9/2018 16:00:00,53.87
5/10/2018 16:00:00,54.24
5/11/2018 16:00:00,54.39
5/14/2018 16:00:00,54.41
5/15/2018 16:00:00,54.04
5/16/2018 16:00:00,54.23
5/17/2018 16:00:00,54.1
5/18/2018 16:00:00,54.07
5/21/2018 16:00:00,54.34
5/22/2018 16:00:00,54.3
5/23/2018 16:00:00,54.22
5/24/2018 16:00:00,54.08
5/25/2018 16:00:00,53.95
5/29/2018 16:00:00,53.4
5/30/2018 16:00:00,53.93
5/31/2018 16:00:00,53.69
6/1/2018 16:00:00,54.07
6/4/2018 16:00:00,54.22
6/5/2018 16:00:00,54.26
6/6/2018 16:00:00,54.59
6/7/2018 16:00:00,54.49
6/8/2018 16:00:00,54.57
6/11/2018 16:00:00,54.7
6/12/2018 16:00:00,54.59
6/13/2018 16:00:00,54.55
6/14/2018 16:00:00,54.48
6/15/2018 16:00:00,54.36
6/18/2018 16:00:00,54.18
6/19/2018 16:00:00,53.91
6/20/2018 16:00:00,53.97
6/21/2018 16:00:00,53.68
6/22/2018 16:00:00,53.94
6/25/2018 16:00:00,53.33
6/26/2018 16:00:00,53.42
6/27/2018 16:00:00,52.99
6/28/2018 16:00:00,53.18
6/29/2018 16:00:00,53.4
7/2/2018 16:00:00,53.25
7/3/2018 13:00:00,52.65
7/5/2018 16:00:00,53.05
7/6/2018 16:00:00,53.43
7/9/2018 16:00:00,53.81
7/10/2018 16:00:00,53.9
7/11/2018 16:00:00,53.41
7/12/2018 16:00:00,53.78
7/13/2018 16:00:00,53.86
7/16/2018 16:00:00,53.78
7/17/2018 16:00:00,53.92
7/18/2018 16:00:00,53.99
7/19/2018 16:00:00,53.81
7/20/2018 16:00:00,53.92
7/23/2018 16:00:00,53.81
7/24/2018 16:00:00,54.14
7/25/2018 16:00:00,54.5
7/26/2018 16:00:00,54.36
7/27/2018 16:00:00,54.24
7/30/2018 16:00:00,54.1
7/31/2018 16:00:00,54.26
8/1/2018 16:00:00,54.13
8/2/2018 16:00:00,54.12
8/3/2018 16:00:00,54.26
8/6/2018 16:00:00,54.25
8/7/2018 16:00:00,54.37
8/8/2018 16:00:00,54.36
8/9/2018 16:00:00,54.39
8/10/2018 16:00:00,53.84
8/13/2018 16:00:00,53.61
8/14/2018 16:00:00,53.83
8/15/2018 16:00:00,53.31
8/16/2018 16:00:00,53.57
8/17/2018 16:00:00,53.82
8/20/2018 16:00:00,54.03
8/21/2018 16:00:00,54.22
8/22/2018 16:00:00,54.38
8/23/2018 16:00:00,54.11
8/24/2018 16:00:00,54.36
8/27/2018 16:00:00,54.8
8/28/2018 16:00:00,54.79
8/29/2018 16:00:00,55
8/30/2018 16:00:00,54.62
8/31/2018 16:00:00,54.64
9/4/2018 16:00:00,54.24
9/5/2018 16:00:00,54.01
9/6/2018 16:00:00,53.97
9/7/2018 16:00:00,53.75
9/10/2018 16:00:00,53.86
9/11/2018 16:00:00,53.95
9/12/2018 16:00:00,54.07
9/13/2018 16:00:00,54.33
9/14/2018 16:00:00,54.32
9/17/2018 16:00:00,54.19
9/18/2018 16:00:00,54.51
9/19/2018 16:00:00,54.62
9/20/2018 16:00:00,54.95
9/21/2018 16:00:00,54.98
9/24/2018 16:00:00,54.81
9/25/2018 16:00:00,54.82
9/26/2018 16:00:00,54.72
9/27/2018 16:00:00,54.85
9/28/2018 16:00:00,54.63
10/1/2018 16:00:00,54.74
10/2/2018 16:00:00,54.41
10/3/2018 16:00:00,54.37
10/4/2018 16:00:00,53.82
10/5/2018 16:00:00,53.6
10/8/2018 16:00:00,53.5
10/9/2018 16:00:00,53.45
10/10/2018 16:00:00,52.22
10/11/2018 16:00:00,51.51
10/12/2018 16:00:00,51.95
10/15/2018 16:00:00,51.86
10/16/2018 16:00:00,52.61
10/17/2018 16:00:00,52.41
10/18/2018 16:00:00,51.73
10/19/2018 16:00:00,51.87
10/22/2018 16:00:00,51.72
10/23/2018 16:00:00,51.46
10/24/2018 16:00:00,50.2
10/25/2018 16:00:00,50.91
10/26/2018 16:00:00,50.35
10/29/2018 16:00:00,50.09
10/30/2018 16:00:00,50.74
10/31/2018 16:00:00,51.03
11/1/2018 16:00:00,51.68
11/2/2018 16:00:00,51.51
11/5/2018 16:00:00,51.68
11/6/2018 16:00:00,51.89
11/7/2018 16:00:00,52.65
11/8/2018 16:00:00,52.35
11/9/2018 16:00:00,51.97
11/12/2018 16:00:00,51.15
11/13/2018 16:00:00,51.25
11/14/2018 16:00:00,51.18
11/15/2018 16:00:00,51.49
11/16/2018 16:00:00,51.67
11/19/2018 16:00:00,51
11/20/2018 16:00:00,50.31
11/21/2018 16:00:00,50.66
11/23/2018 13:00:00,50.38
11/26/2018 16:00:00,51.01
11/27/2018 16:00:00,51.02
11/28/2018 16:00:00,51.85
11/29/2018 16:00:00,51.72
11/30/2018 16:00:00,51.8
12/3/2018 16:00:00,52.29
12/4/2018 16:00:00,51.11
12/6/2018 16:00:00,50.89
12/7/2018 16:00:00,50.28
12/10/2018 16:00:00,50.14
12/11/2018 16:00:00,50.13
12/12/2018 16:00:00,50.54
12/13/2018 16:00:00,50.55
12/14/2018 16:00:00,49.89
12/17/2018 16:00:00,49.28
12/18/2018 16:00:00,49.29
12/19/2018 16:00:00,48.87
12/20/2018 16:00:00,48.46
12/21/2018 16:00:00,47.79
12/24/2018 13:00:00,47.04
12/26/2018 16:00:00,48.38
12/27/2018 16:00:00,48.57
12/28/2018 16:00:00,48.34
12/31/2018 16:00:00,48.55
1/2/2019 16:00:00,48.56
1/3/2019 16:00:00,47.96
1/4/2019 16:00:00,49.14
1/7/2019 16:00:00,49.34
1/8/2019 16:00:00,49.65
1/9/2019 16:00:00,50.04
1/10/2019 16:00:00,50.15
1/11/2019 16:00:00,50.01
1/14/2019 16:00:00,49.86
1/15/2019 16:00:00,50.15
1/16/2019 16:00:00,50.29
1/17/2019 16:00:00,50.54
1/18/2019 16:00:00,51.02
1/22/2019 16:00:00,50.4
1/23/2019 16:00:00,50.55
1/24/2019 16:00:00,50.69
1/25/2019 16:00:00,51.07
1/28/2019 16:00:00,50.79
1/29/2019 16:00:00,50.83
1/30/2019 16:00:00,51.42
1/31/2019 16:00:00,51.71
2/1/2019 16:00:00,51.63
2/4/2019 16:00:00,51.85
2/5/2019 16:00:00,52.15
2/6/2019 16:00:00,51.97
2/7/2019 16:00:00,51.56
2/8/2019 16:00:00,51.51
2/11/2019 16:00:00,51.59
2/12/2019 16:00:00,51.98
2/13/2019 16:00:00,52.04
2/14/2019 16:00:00,52.07
2/15/2019 16:00:00,52.46
2/19/2019 16:00:00,52.68
2/20/2019 16:00:00,52.81
2/21/2019 16:00:00,52.65
2/22/2019 16:00:00,52.95
2/25/2019 16:00:00,52.99
2/26/2019 16:00:00,53.03
2/27/2019 16:00:00,52.96
2/28/2019 16:00:00,52.75
3/1/2019 16:00:00,53.02
3/4/2019 16:00:00,52.86
3/5/2019 16:00:00,52.99
3/6/2019 16:00:00,52.7
3/7/2019 16:00:00,52.29
3/8/2019 16:00:00,52.19
3/11/2019 16:00:00,52.7
3/12/2019 16:00:00,52.85
3/13/2019 16:00:00,53.14
3/14/2019 16:00:00,53.1
3/15/2019 16:00:00,53.35
3/18/2019 16:00:00,53.57
3/19/2019 16:00:00,53.55
3/20/2019 16:00:00,53.53
3/21/2019 16:00:00,53.89
3/22/2019 16:00:00,53.01
3/25/2019 16:00:00,53.03
3/26/2019 16:00:00,53.27
3/27/2019 16:00:00,53.19
3/28/2019 16:00:00,53.29
3/29/2019 16:00:00,53.52
4/1/2019 16:00:00,54
4/2/2019 16:00:00,53.88
4/3/2019 16:00:00,54.02
4/4/2019 16:00:00,54.05
4/5/2019 16:00:00,54.28
4/8/2019 16:00:00,54.34
4/9/2019 16:00:00,54.1
4/10/2019 16:00:00,54.21
4/11/2019 16:00:00,54.21
4/12/2019 16:00:00,54.5
4/15/2019 16:00:00,54.46
4/16/2019 16:00:00,54.5
4/17/2019 16:00:00,54.52
4/18/2019 16:00:00,54.47
4/22/2019 16:00:00,54.51